,name
0,방송 작가
1,사회적약자 보호
2,신앙인
3,볼링
4,로봇 제작
5,인기녀
6,화가
7,회계사
8,별명 '마이콜'
9,기타
10,항공정비사
11,매력 속눈썹
12,효녀
13,방송 연출가
14,축구 해설가
15,노력파
16,치과의사
17,농구선수
18,점토
19,농구 선수
20,요리
21,만능재주꾼
22,다정다감
23,춤
24,목사
25,형 바라기
26,디자이너
27,할아버지 보배
28,시각디자이너
29,특전사
30,경찰관
31,별명 김건모
32,네일 아티스트
33,구글
34,연극연출
35,성균관대
36,역사 선생님
37,해결사
38,성격미인
39,고깃집 사장
40,유치원 선생님
41,호기심 천국
42,엄마의 기둥
43,자동차 디자이너
44,문구 수집가
45,로봇 공학자
46,초콜릿 케이크
47,팔색조
48,축구
49,명랑 소년
50,게임 분야
51,패셔니스타
52,동생바라기
53,이종격투기 선수
54,군인
55,교회
56,기타리스트
57,똥강아지
58,한솔 베이커리
59,별명 고릴라
60,레알마드리드 광팬
61,방송작가
62,조향사
63,베스트프랜드
64,상담사
65,웹툰작가
66,특수학교 교사
67,삼총사
68,피아노 연주
69,독서왕
70,ROTC
71,요가
72,공무원
73,클레이
74,일러스트레이터
75,거울공주
76,뮤지션
77,사육사
78,국제 구호활동가
79,볼링 선수
80,행복 전도사
81,정리정돈
82,세무 공무원
83,국어선생님
84,아빠 바라기
85,검도 사범
86,러시아
87,뮤지컬 배우
88,댄스동아리
89,기계공학과
90,헤어아티스트
91,운동
92,분위기 메이커
93,아빠의 보물
94,소설가
95,짱구 춤
96,장학생
97,목공사
98,행복한 요리사
99,체육 선생님
100,곤충학자
101,장교
102,의리남
103,빵나눔 봉사
104,프로파일러
105,영화감독
106,그래피티예술가
107,손편지
108,방송국 PD
109,광고 디자이너
110,육상
111,외교관
112,재롱둥이
113,학교 선생님
114,운동선수
115,살림꾼
116,킥복싱 좋아함
117,보라색
118,애니메이션 감독
119,치기공사
120,의상디자이너
121,미소천사
122,개그맨
123,한의사
124,웹툰 작가
125,유치원 원장
126,셰프
127,프로그래머
128,어른 공경
129,시인
130,에너자이저
131,수화통역사
132,특수부대 군인
133,연극 동아리
134,간지쿵
135,기타 독학
136,피아니스트
137,사서
138,자동차 공학박사
139,여행가
140,물음표 대마왕
141,진라면
142,가수
143,걸그룹
144,공대생
145,나눔의부자
146,음악가
147,다국적 기업 취직
148,한솔 레스토랑
149,예술가
150,우주 과학자
151,다정한 오빠
152,연구원
153,선생님
154,광고그래픽 디자이너
155,관광 가이드
156,법조인
157,봉사자
158,중국어 능력자
159,애교쟁이
160,아나운서
161,실용미술
162,열정소녀
163,검사
164,프로게이머
165,유학생
166,영상제작
167,주황덕후
168,형제 요리사
169,빵집 운영
170,보컬활동
171,흥부자
172,종교인
173,날쌘돌이
174,합기도
175,엄마의 보디가드
176,카메라 감독
177,성직자
178,별명은 '주름'
179,칼리 아르니스 무술 사범
180,간호사
181,사랑쟁이
182,만능스포츠맨
183,기타 연주
184,국가정보요원
185,조경사
186,태권도
187,여군
188,조선사
189,경호원
190,의젓함
191,가구 디자이너
192,수학 선생님
193,해양대
194,웨딩드레스 디자이너
195,일본어 번역가
196,그래픽 디자이너
197,유쾌한 웃음소리
198,성실맨
199,노래
200,수학 좋아함
201,미식가
202,건축가
203,중국 전문가
204,절대음감
205,복싱선수
206,합기도 관장
207,약자 배려
208,김간호사
209,러시아 기차여행
210,축구선수 매니저
211,축구광
212,야구
213,손재주
214,온라인 패션몰 운영
215,깜비
216,털털함
217,행복선물
218,비디오 저널리스트
219,스튜어디스
220,자동차 연구원
221,금구모
222,과학자
223,야구 선수
224,취미는 셀카
225,누나들의 보디가드
226,배려심
227,늦잠꾸러기
228,카투사
229,동아리활동
230,카페경영
231,법관
232,패션 디자이너
233,책임감
234,약사
235,판사
236,만화가
237,구두 디자이너
238,엄마 친구
239,별명부자
240,태권소년
241,정의 실천
242,박물관 큐레이터
243,컴퓨터 선수
244,의상제작자
245,일본어 교사
246,자원봉사자
247,연예인
248,요리사
249,작곡가
250,어른스러움
251,엔지니어
252,ADHD 밴드 리더
253,생활체육인
254,사색가
255,쾌남
256,특공 무술
257,운동 선수
258,대건 안드레아
259,의리녀
260,개그우먼
261,세계여행가
262,수학자
263,작가
264,웹 디자이너
265,변호사
266,농구와 중국어 잘함
267,마술사
268,컴퓨터 공학자
269,수학
270,봉사활동가
271,용접공
272,연세대
273,교육강사
274,수다쟁이
275,경영인
276,심리학자
277,별명 부자
278,의상 디자이너
279,캘리그래피
280,피아노 연주자
281,펭귄덕후
282,인테리어 디자이너
283,음악 심리치료사
284,보물 1호
285,성대모사
286,운동 잘함
287,점핑클레이
288,국밥집 사장님
289,시각 디자이너
290,중국어 번역가
291,신개념 슈퍼마켓 경영
292,수영선수
293,수의학자
294,청각장애인
295,갱이미모
296,응급구조사
297,건축 디자이너
298,교과 도우미
299,역사학자
300,잔소리꾼
301,농구
302,미소
303,깔끔함
304,유머러스함
305,전기 엔지니어
306,사제
307,애니메이션 작가
308,동물 조련사
309,파충류
310,음악 선생님
311,디즈니 만화
312,모델
313,컴퓨터 그래픽
314,한문 선생님
315,에너지 발전소
316,건축 설계사
317,수학선생님
318,동물학자
319,조카 사랑
320,신앙
321,애교
322,국제 구호 활동가
323,산책
324,가업승계
325,얄루
326,PD
327,과학선생님
328,독서
329,영어 선생님
330,라디오출연
331,평화주의자
332,범죄심리분석관
333,평범한 가장
334,가정적인 사람
335,카페운영
336,별명 '미소천사'
337,헤어디자이너
338,성실
339,호기심 많은아이
340,고민상담사
341,이층 집짓기
342,사회복지사
343,건축디자이너
344,운동마니아
345,로봇만들기
346,호텔 요리사
347,제과제빵사
348,메이크업 아티스트
349,국어 선생님
350,사업가
351,건축학도
352,태권도 사범
353,별명은 삼식이
354,줄넘기선수
355,요식업
356,아빠 판박이
357,국제구호활동가
358,소방관
359,바리스타
360,세계 최고 요리사
361,수의사
362,축구 선수
363,엄마 껌딱지
364,의료봉사
365,자격증
366,게임 제작자
367,파일럿
368,의사
369,컴퓨터 프로그래머
370,연극배우
371,배려의 아이콘
372,애니메이션
373,긍정맨
374,천문학자
375,식물키우기
